locationname,locationtown,locationregion,locationarea,waterbodyid,locationtownid,exportname,wbtextid,wbofficialname,wbtownname,wbregion,wbarea,wbbasinarea,wbelevation,wbmaxdepth,wbmeandepth,wboutlettype,wbfullname,wbtype,wbcenterlatitude,wbcenterlongitude,wbgeocentroid,wbgeoborder
Baker (Brookfield),Brookfield,ec,35,BAKER (BRKFLD),218,BAKER (BRKFLD),BAKER (BRKFLD),Baker Pond,Brookfield,East Central,35,1067,1290,10,3,ARTIFICIAL,Baker Pond Brookfield,Reservoir,44.07,-72.63,,
Bald Hill,Westmore,nek,108,BALD HILL,34,BALD HILL,BALD HILL,Bald Hill Pond,Westmore,NE Kingdom,108,2588,1794,42,16,NATURAL,Bald Hill Pond Westmore,Pond,44.7394947,-71.9778742,,
Ball Mountain,Jamaica,gm-s,85,BALL MOUNTAIN,168,BALL MOUNTAIN,BALL MOUNTAIN,Ball Mountain Reservoir,Jamaica,Green Mtn South,85,110080,870,,,ARTIFICIAL,Ball Mountain Reservoir Jamaica,Reservoir,43.13,-72.78,,
Bean (Sutton),Sutton,nek,30,BEAN (SUTTON),46,BEAN (SUTTON),BEAN (SUTTON),Bean Pond,Sutton,NE Kingdom,30,1208,1178,,,NATURAL,Bean Pond Sutton,Pond,44.6983842,-72.0862101,,
Beaver,Holland,nek,40,BEAVER (HOLLND),9,BEAVER (HOLLND),BEAVER (HOLLND),Beaver Pond,Holland,NE Kingdom,40,721,1535,80,30,NATURAL,Beaver Pond Holland,Pond,45.0047684,-71.9398184,,
Beebe (Hub),Hubbardton,wc,111,BEEBE (HUBDTN),245,BEEBE (HUBDTN),BEEBE (HUBDTN),Beebe Pond,Hubbardton,West Central,111,1843,618,43,26,NATURAL with ARTIFICIAL CONTROL,Beebe Pond Hubbardton,Lake (Artificial Control),43.7342306,-73.1831677,,
Beebe (Sund),Sunderland,gm-s,13,BEEBE (SUNDLD),172,BEEBE (SUNDLD),BEEBE (SUNDLD),Beebe Pond,Sunderland,Green Mtn South,8,161,2350,,,,Beebe Pond Sunderland,Pond,43.0523,-73.0320481,,
Beecher,Brighton,nek,15,BEECHER,29,BEECHER,BEECHER,Beecher Pond,Brighton,NE Kingdom,15,597,1227,,,,Beecher Pond Brighton,Pond,44.8117157,-71.849539,,
Berlin,Berlin,nc,293,BERLIN,99,BERLIN,BERLIN,Berlin Pond,Berlin,North Central,293,6738,976,59,27,NATURAL with ARTIFICIAL CONTROL,Berlin Pond Berlin,Lake (Artificial Control),44.18,-72.58,,
Big (Woodford Lake),Woodford,gm-s,31,BIG,184,BIG,BIG,Big Pond (Woodford Lake),Woodford,Green Mtn South,31,715,2265,28,13,NATURAL with ARTIFICIAL CONTROL,Big Pond Woodford,Lake (Artificial Control),42.88,-73.07,,
Black,Hubbardton,wc,20,BLACK (HUBDTN),245,BLACK (HUBDTN),BLACK (HUBDTN),Black Pond,Hubbardton,West Central,20,127,626,45,16,NATURAL,Black Pond Hubbardton,Pond,43.7031198,-73.2237234,,
Blake,Sheffield,nek,8,BLAKE,52,BLAKE,BLAKE,Unnamed Pond referred to by DEC as Blake,Windham,Green Mtn South,,,1780,,,,Blake Pond Windham,Pond,43.15,-72.72,,
Bliss,Calais,nc,46,BLISS,81,BLISS,BLISS,Bliss Pond,Calais,North Central,46,591,1211,15,7,NATURAL,Bliss Pond Calais,Pond,44.3525574,-72.5006635,,
Bomoseen,Castleton,wc,2360,BOMOSEEN,246,BOMOSEEN,BOMOSEEN,Lake Bomoseen,Castleton,West Central,2360,23630,411,65,27,NATURAL with ARTIFICIAL CONTROL,Lake Bomoseen Castleton,Lake (Artificial Control),43.6442324,-73.2131665,,
Bourn,Sunderland,gm-s,48,BOURN,172,BOURN,BOURN,Bourn Pond,Sunderland,Green Mtn South,55,410,2552,27,,NATURAL,Bourn Pond Sunderland,Pond,43.1061882,-73.0020474,,
Branch,Sunderland,gm-s,34,BRANCH,172,BRANCH,BRANCH,Branch Pond,Sunderland,Green Mtn South,34,315,2632,35,9,NATURAL,Branch Pond Sunderland,Pond,43.0809107,-73.0189922,,
Brownington,Brownington,nek,139,BROWNINGTON,26,BROWNINGTON,BROWNINGTON,Brownington Pond,Brownington,NE Kingdom,139,3365,991,33,18,NATURAL,Brownington Pond Brownington,Pond,44.8786588,-72.1476007,,
Bruce,Sutton,nc,27,BRUCE,46,BRUCE,BRUCE,Bruce Pond,Sheffield,North Central,27,369,1546,13,,NATURAL,Bruce Pond Sheffield,Pond,44.6403295,-72.187046,,
Buck,Woodbury,nc,39,BUCK,77,BUCK,BUCK,Buck Lake,Woodbury,North Central,39,225,1345,33,14,NATURAL,Buck Lake Woodbury,Lake,44.462555,-72.3995513,,
Burr,Sudbury,wc,85,BURR (SUDBRY),244,BURR (SUDBRY),BURR (SUDBRY),Burr Pond,Sudbury,West Central,85,1737,514,18,14,NATURAL with ARTIFICIAL CONTROL,Burr Pond Sudbury,Lake (Artificial Control),43.77,-73.18,,
Carmi,Franklin,cha-n,1401,CARMI,2,CARMI,CARMI,Lake Carmi,Franklin,Champlain ,1402,7710,435,33,13,NATURAL with ARTIFICIAL CONTROL,Lake Carmi Franklin,Lake (Artificial Control),44.9714333,-72.877911,,
Caspian,Greensboro,nc,789,CASPIAN,55,CASPIAN,CASPIAN,Caspian Lake,Greensboro,North Central,789,4510,1400,142,57,NATURAL with ARTIFICIAL CONTROL,Caspian Lake Greensboro,Lake (Artificial Control),44.58,-72.32,,
Monkton (Cedar),Monkton,cha-n,123,CEDAR,97,CEDAR,CEDAR,Cedar Lake (Monkton Pond),Monkton,Champlain ,123,752,492,13,6,NATURAL,Cedar Lake Monkton,Lake,44.2500546,-73.1328998,,
Center,Newark,nek,79,CENTER,43,CENTER,CENTER,Center Pond,Newark,NE Kingdom,79,3793,1310,72,24,,Center Pond Newark,Pond,44.7144953,-71.9198175,,
Chandler,Wheelock,nc,68,CHANDLER (WHLOCK),61,CHANDLER (WHLOCK),CHANDLER (WHLOCK),Chandler Pond,Wheelock,North Central,68,1050,1256,6,,NATURAL with ARTIFICIAL CONTROL,Chandler Pond Waterford,Pond,44.53,-72.1,,
Charleston (Charleston),Charleston,nek,40,CHARLESTON,24,CHARLESTON,CHARLESTON,Charleston Pond (Lubber Lake),Charleston,NE Kingdom,40,67936,1059,30,,ARTIFICIAL,Charleston Pond Charleston,Reservoir,44.8928256,-72.0531538,,
Chipman (Tinmouth),Tinmouth,wc,79,CHIPMAN,221,CHIPMAN,CHIPMAN,Chipman Lake (Tinmouth Pond),Tinmouth,West Central,79,535,1194,11,7,NATURAL,Chipman Lake Tinmouth,Lake,43.408405,-73.0301051,,
Chittenden,Chittenden,wc,702,CHITTENDEN,243,CHITTENDEN,CHITTENDEN,Chittenden Reservoir,Chittenden,West Central,702,10180,1495,46,26,ARTIFICIAL,Chittenden Reservoir Chittenden,Reservoir,43.73,-72.92,,
Clyde,Derby,nek,186,CLYDE,230,CLYDE,CLYDE,Clyde Pond,Derby,NE Kingdom,186,89292,878,20,11,ARTIFICIAL,Clyde Pond Derby,Reservoir,44.9353246,-72.1712124,,
Coits,Cabot,nc,40,COITS,202,COITS,COITS,Coits Pond,Cabot,North Central,40,325,1334,7,,NATURAL,Coits Pond Cabot,Pond,44.4472777,-72.3295486,,
Colby,Plymouth,wc,20,COLBY,146,COLBY,COLBY,Colby Pond,Plymouth,West Central,20,314,1572,16,,ARTIFICIAL,Colby Pond Plymouth,Reservoir,43.47,-72.67,,
Colchester,Colchester,cha-n,186,COLCHESTER,199,COLCHESTER,COLCHESTER,Colchester Pond,Colchester,Champlain ,186,1259,404,42,,NATURAL with ARTIFICIAL CONTROL,Colchester Pond Colchester,Lake (Artificial Control),44.5550488,-73.1195741,,
Cole,Jamaica,gm-s,41,COLE,168,COLE,COLE,Cole Pond,Jamaica,Green Mtn South,41,282,1193,13,5,NATURAL,Cole Pond Jamaica,Pond,43.1470213,-72.8056529,,
Coles,Walden,nc,125,COLES,72,COLES,COLES,Coles Pond,Walden,North Central,125,744,2194,21,8,NATURAL with ARTIFICIAL CONTROL,Coles Pond Walden,Lake (Artificial Control),44.52,-72.22,,
Collins,Hyde Park,nc,16,COLLINS,64,COLLINS,COLLINS,Collins Pond,Hyde Park,North Central,16,443,1225,20,,NATURAL,Collins Pond Hyde Park,Pond,44.6214402,-72.5042778,,
Comerford,Waterford,nek,777,COMERFORD,80,COMERFORD,COMERFORD,Comerford Reservoir,Barnet,NE Kingdom,777,307121,646,,,ARTIFICIAL,Comerford Reservoir Barnet,Reservoir,44.33,-72.02,,
Johnson Pond,Shrewsbury,wc,12,COOKS (SHRWBY),147,COOKS (SHRWBY),COOKS (SHRWBY),Cooks Pond,Shrewsbury,West Central,12,184,1753,,,,Cooks Pond Shrewsbury,Pond,43.5117366,-72.8539905,,
Cranberry Meadow,Woodbury,nc,28,CRANBERRY MEADOW,77,CRANBERRY MEADOW,CRANBERRY MEADOW,Cranberry Meadow Pond,Woodbury,North Central,28,1905,1092,23,,NATURAL,Cranberry Meadow Pond Woodbury,Pond,44.4208892,-72.4573301,,
Crescent,Sharon,ec,20,CRESCENT,135,CRESCENT,CRESCENT,Crescent Lake,Sharon,East Central,20,955,1162,,,,Crescent Lake Sharon,Lake,43.8,-72.42,,
Crystal,Barton,nek,763,CRYSTAL (BARTON),45,CRYSTAL (BARTON),CRYSTAL (BARTON),Crystal Lake,Barton,NE Kingdom,763,14453,945,115,71,NATURAL with ARTIFICIAL CONTROL,Crystal Lake Barton,Lake (Artificial Control),44.7467161,-72.1762128,,
Curtis,Calais,nc,72,CURTIS,81,CURTIS,CURTIS,Curtis Pond,Calais,North Central,72,917,1219,31,11,NATURAL with ARTIFICIAL CONTROL,Curtis Pond Calais,Lake (Artificial Control),44.38,-72.5,,
Cutter,Williamstown,ec,16,CUTTER,217,CUTTER,CUTTER,Cutter Pond,Williamstown,East Central,16,858,912,,,,Cutter Pond Williamstown,Pond,44.0906188,-72.5489933,,
Danby,Danby,wc,56,DANBY,153,DANBY,DANBY,Danby Pond,Danby,West Central,56,388,1403,6,,NATURAL,Danby Pond Danby,Pond,43.3650727,-73.0506606,,
Daniels Pond,Glover,nc,66,DANIELS,47,DANIELS,DANIELS,Daniels Pond,Glover,North Central,66,1079,1631,13,8,NATURAL,Daniels Pond Glover,Pond,44.6767173,-72.2626038,,
Daniels - West (Rodgers),Glover,nc,20,DANIELS-W,47,DANIELS-W,DANIELS-W,Unnamed Pond referred to by DEC as Daniels - W,Glover,North Central,20,441,1210,,,NATURAL,Daniels - W Pond Glover,Pond,44.68,-72.28,,
Derby,Derby,nek,207,DERBY,230,DERBY,DERBY,Lake Derby,Derby,NE Kingdom,207,1156,981,19,8,NATURAL,Lake Derby Derby,Lake,44.9542134,-72.1162109,,
Deweys Mill,Hartford,ec,56,DEWEYS MILL,140,DEWEYS MILL,DEWEYS MILL,Deweys MILL Pond,Hartford,East Central,56,969,545,,,ARTIFICIAL,Deweys Mill Pond Hartford,Reservoir,43.65,-72.4,,
Duck (Craftsbury),Craftsbury,nc,9,DUCK (CRAFBY),50,DUCK (CRAFBY),DUCK (CRAFBY),Duck Pond,Craftsbury,North Central,9,83,1130,,,,Duck Pond Craftsbury,Pond,44.6733838,-72.3651069,,
Dunmore,Salisbury,wc,985,DUNMORE,126,DUNMORE,DUNMORE,Lake Dunmore,Salisbury,West Central,985,13068,569,105,28,NATURAL with ARTIFICIAL CONTROL,Lake Dunmore Salisbury,Lake (Artificial Control),43.9020068,-73.0753915,,
East Long,Woodbury,nc,188,EAST LONG,77,EAST LONG,EAST LONG,East Long Pond,Woodbury,North Central,188,2223,1208,105,47,NATURAL with ARTIFICIAL CONTROL,East Long Pond Woodbury,Lake (Artificial Control),44.45,-72.35,,
Echo (Charleston),Charleston,nek,550,ECHO (CHARTN),24,ECHO (CHARTN),ECHO (CHARTN),Echo Lake,Charleston,NE Kingdom,550,15186,1249,129,58,NATURAL with ARTIFICIAL CONTROL,Echo Lake Charleston,Lake (Artificial Control),44.8603262,-71.994819,,
Echo (Hub),Hubbardton,wc,54,ECHO (HUBDTN),245,ECHO (HUBDTN),ECHO (HUBDTN),Echo Lake (Keeler Pond),Hubbardton,West Central,54,544,621,42,23,NATURAL,Echo Lake Hubbardton,Lake,43.7458969,-73.1828902,,
Echo (Plymouth),Plymouth,wc,104,ECHO (PLYMTH),146,ECHO (PLYMTH),ECHO (PLYMTH),Echo Lake,Plymouth,West Central,104,16816,1061,91,30,NATURAL,Echo Lake Plymouth,Lake,43.4734041,-72.6998192,,
Eden,Eden,nc,194,EDEN,197,EDEN,EDEN,Lake Eden,Eden,North Central,194,2347,1239,40,15,NATURAL with ARTIFICIAL CONTROL,Lake Eden Eden,Lake (Artificial Control),44.7225493,-72.5017778,,
Elligo,Greensboro,nc,174,ELLIGO,55,ELLIGO,ELLIGO,Lake Elligo (Eligo Pond),Greensboro,North Central,174,3238,881,100,29,NATURAL,Lake Elligo Greensboro,Lake,44.600052,-72.3551065,,
Elmore,Elmore,nc,219,ELMORE,70,ELMORE,ELMORE,Lake Elmore,Elmore,North Central,219,5574,1139,17,11,NATURAL with ARTIFICIAL CONTROL,Lake Elmore Elmore,Lake (Artificial Control),44.5347752,-72.5253897,,
Emerald,Dorset,wc,28,EMERALD,159,EMERALD,EMERALD,Emerald Lake,Dorset,Green Mtn South,28,3630,711,40,,NATURAL with ARTIFICIAL CONTROL,Emerald Lake Dorset,Lake (Artificial Control),43.2753523,-73.0064924,,
Ewell,Peacham,nc,51,EWELL,85,EWELL,EWELL,Ewell Pond,Peacham,North Central,51,1981,1284,60,20,NATURAL with ARTIFICIAL CONTROL,Ewell Pond Peacham,Lake (Artificial Control),44.37,-72.17,,
Fairfield,Fairfield,cha-n,446,FAIRFIELD,27,FAIRFIELD,FAIRFIELD,Fairfield Pond,Fairfield,Champlain ,446,3758,550,42,23,NATURAL with ARTIFICIAL CONTROL,Fairfield Pond Fairfield,Lake (Artificial Control),44.85,-72.98,,
Fairlee,Fairlee,ec,457,FAIRLEE,123,FAIRLEE,FAIRLEE,Lake Fairlee,Thetford,East Central,457,12976,678,50,23,NATURAL with ARTIFICIAL CONTROL,Lake Fairlee Thetford,Lake (Artificial Control),43.88,-72.23,,
Fern,Leicester,wc,69,FERN,242,FERN,FERN,Fern Lake,Leicester,West Central,69,505,572,43,13,NATURAL,Fern Lake Leicester,Lake,43.8656187,-73.0698352,,
Flagg,Wheelock,nc,111,FLAGG,61,FLAGG,FLAGG,Flagg Pond,Wheelock,North Central,111,2282,1592,6,3,NATURAL,Flagg Pond Wheelock,Pond,44.5653311,-72.2073241,,
Forest,Averill,nek,62,FOREST (AVERLL),8,FOREST (AVERLL),FOREST (AVERLL),Forest Lake,Averill,NE Kingdom,62,1379,1665,13,,NATURAL with ARTIFICIAL CONTROL,Forest Lake Averill,Lake (Artificial Control),44.9847686,-71.6814803,,
Nelson,Woodbury,nc,133,FOREST (CALAIS),77,FOREST (CALAIS),FOREST (CALAIS),Forest Lake (Nelson Pond),Calais,North Central,133,2827,1070,97,49,NATURAL,Forest Lake Calais,Lake,44.4083895,-72.4412182,,
Fosters,Peacham,nc,61,FOSTERS,85,FOSTERS,FOSTERS,Fosters Pond,Peacham,North Central,61,647,1526,13,8,NATURAL,Fosters Pond Peacham,Pond,44.3297812,-72.20982,,
Gale Meadows,Londonderry,gm-s,195,GALE MEADOWS,162,GALE MEADOWS,GALE MEADOWS,Gale Meadows Pond,Londonderry,Green Mtn South,195,6573,1358,20,8,ARTIFICIAL,Gale Meadows Pond Londonderry,Reservoir,43.17,-72.87,,
Glen,Fair Haven,wc,206,GLEN,144,GLEN,GLEN,Glen Lake,Castleton,West Central,206,2050,478,68,32,NATURAL with ARTIFICIAL CONTROL,Glen Lake Castleton,Lake (Artificial Control),43.67,-73.23,,
Great Averill,Averill,nek,828,GREAT AVERILL,8,GREAT AVERILL,GREAT AVERILL,Great Averill Pond,Norton,NE Kingdom,828,7638,1684,108,42,NATURAL with ARTIFICIAL CONTROL,Great Averill Pond Norton,Lake (Artificial Control),44.98,-71.7,,
Great Hosmer,Craftsbury,nc,140,GREAT HOSMER,50,GREAT HOSMER,GREAT HOSMER,Great Hosmer Pond,Craftsbury,North Central,140,860,1117,57,20,NATURAL with ARTIFICIAL CONTROL,Great Hosmer Pond Craftsbury,Lake (Artificial Control),44.6947722,-72.3606624,,
Green River,Hyde Park,nc,554,GREEN RIVER,64,GREEN RIVER,GREEN RIVER,Green River Reservoir,Hyde Park,North Central,554,9075,1220,93,,ARTIFICIAL,Green River Reservoir Hyde Park,Reservoir,44.629268,-72.515443,,
Greenwood,Woodbury,nc,96,GREENWOOD,77,GREENWOOD,GREENWOOD,Lake Greenwood,Woodbury,North Central,96,1138,1188,41,15,NATURAL,Lake Greenwood Woodbury,Lake,44.4586661,-72.4253853,,
Griffith,Peru,gm-s,13,GRIFFITH,160,GRIFFITH,GRIFFITH,Griffith Lake,Peru,Green Mtn South,13,104,2618,,,NATURAL,Griffith Lake Peru,Lake,43.3028517,-72.9592692,,
Groton,Groton,nc,422,GROTON,95,GROTON,GROTON,Lake Groton,Groton,North Central,422,12006,1078,35,13,NATURAL with ARTIFICIAL CONTROL,Lake Groton Groton,Lake (Artificial Control),44.2667271,-72.2662089,,
Grout,Stratton,gm-s,84,GROUT,173,GROUT,GROUT,Grout Pond,Stratton,Green Mtn South,84,411,2225,33,,NATURAL,Grout Pond Stratton,Pond,43.0445226,-72.9456567,,
Halls,Newbury,ec,85,HALLS,214,HALLS,HALLS,Halls Lake,Newbury,East Central,85,561,779,30,17,NATURAL with ARTIFICIAL CONTROL,Halls Lake Newbury,Lake (Artificial Control),44.085898,-72.1231473,,
Hardwick,Hardwick,nc,145,HARDWICK,66,HARDWICK,HARDWICK,Hardwick Lake,Hardwick,North Central,145,6876,797,,,ARTIFICIAL,Hardwick Lake Hardwick,Reservoir,44.52,-72.37,,
Hardwood,Elmore,nc,44,HARDWOOD,70,HARDWOOD,HARDWOOD,Hardwood Pond,Elmore,North Central,49,185,1569,15,,NATURAL,Hardwood Pond Elmore,Pond,44.4678324,-72.4995546,,
Harriman,Whitingham,gm-s,2040,HARRIMAN (WHITHM),192,HARRIMAN (WHITHM),HARRIMAN (WHITHM),Harriman Reservoir,Whitingham,Green Mtn South,2040,116840,1490,160,34,ARTIFICIAL,Harriman Reservoir Whitingham,Reservoir,42.83,-72.88,,
Hartwell,Albany,nc,16,HARTWELL,39,HARTWELL,HARTWELL,Hartwell Pond,Albany,North Central,16,623,1609,57,21,NATURAL,Hartwell Pond Albany,Pond,44.7044943,-72.293716,,
Harveys,Barnet,nc,351,HARVEYS,83,HARVEYS,HARVEYS,Harveys Lake,Barnet,North Central,351,5364,893,145,66,NATURAL with ARTIFICIAL CONTROL,Harveys Lake Barnet,Lake (Artificial Control),44.3,-72.13,,
Hinkum,Sudbury,wc,60,HINKUM,244,HINKUM,HINKUM,Hinkum Pond,Sudbury,West Central,60,353,719,69,,NATURAL with ARTIFICIAL CONTROL,Hinkum Pond Sudbury,Lake (Artificial Control),43.7647857,-73.1678903,,
Holland,Holland,nek,325,HOLLAND,9,HOLLAND,HOLLAND,Holland Pond,Holland,NE Kingdom,325,4431,1430,39,17,NATURAL with ARTIFICIAL CONTROL,Holland Pond Holland,Lake (Artificial Control),44.9867132,-71.9281516,,
Hortonia,Hubbardton,wc,479,HORTONIA,245,HORTONIA,HORTONIA,Lake Hortonia,Hubbardton,West Central,479,4457,484,60,19,NATURAL with ARTIFICIAL CONTROL,Lake Hortonia Hubbardton,Lake (Artificial Control),43.7500632,-73.2078906,,
Howe,Readsboro,gm-s,52,HOWE,189,HOWE,HOWE,Howe Pond,Readsboro,Green Mtn South,52,1647,1926,33,10,NATURAL,Howe Pond Readsboro,Pond,42.7842485,-72.9859342,,
Indian Brook,Essex,cha-n,50,INDIAN BROOK (ESSEX),212,INDIAN BROOK (ESSEX),INDIAN BROOK (ESSEX),Indian Brook Reservoir,Essex,Champlain ,50,761,520,22,13,ARTIFICIAL,Indian Brook Reservoir Essex,Reservoir,44.53,-73.1,,
Inman,Fair Haven,wc,85,INMAN,144,INMAN,INMAN,Inman Pond,Fair Haven,West Central,85,240,592,80,34,NATURAL with ARTIFICIAL CONTROL,Inman Pond Fair Haven,Lake (Artificial Control),43.65,-73.27,,
Iroquois,Hinesburg,cha-n,243,IROQUOIS,205,IROQUOIS,IROQUOIS,Lake Iroquois,Hinesburg,Champlain ,243,2418,684,37,19,NATURAL with ARTIFICIAL CONTROL,Lake Iroquois Hinesburg,Lake (Artificial Control),44.37,-73.08,,
Island,Brighton,nek,626,ISLAND,29,ISLAND,ISLAND,Island Pond,Brighton,NE Kingdom,626,6295,1172,63,31,NATURAL,Island Pond Brighton,Pond,44.8050491,-71.8706504,,
Jobs,Westmore,nek,39,JOBS,34,JOBS,JOBS,Jobs Pond,Westmore,NE Kingdom,39,268,1950,18,7,NATURAL with ARTIFICIAL CONTROL,Jobs Pond Westmore,Lake (Artificial Control),44.7628276,-71.9537072,,
Joe's,Danville,nc,396,JOES (DANVLL),200,JOES (DANVLL),JOES (DANVLL),Joes Pond,Danville,North Central,396,18445,1551,78,21,NATURAL with ARTIFICIAL CONTROL,Joes Pond Danville,Lake (Artificial Control),44.4083904,-72.1945436,,
Keiser,Danville,nc,33,KEISER,200,KEISER,KEISER,Keiser Pond,Danville,North Central,33,1611,1290,20,6,NATURAL with ARTIFICIAL CONTROL,Keiser Pond Danville,Lake (Artificial Control),44.3864467,-72.1706537,,
Kent,Killington,wc,99,KENT,141,KENT,KENT,Kent Pond,Killington,West Central,99,2376,1525,15,6,ARTIFICIAL,Kent Pond Killington,Reservoir,43.68,-72.8,,
Kettle,Peacham,nc,109,KETTLE,85,KETTLE,KETTLE,Kettle Pond,Groton,North Central,109,834,1443,16,6,NATURAL,Kettle Pond Groton,Pond,44.2947817,-72.3181558,,
Knapp Br1,Cavendish,wc,25,KNAPP BROOK #1,226,KNAPP BROOK #1,KNAPP BROOK #1,Knapp Brook #1,Cavendish,East Central,25,2074,1270,12,6,ARTIFICIAL,Knapp Brook #1 Pond Cavendish,Reservoir,43.447016,-72.5662041,,
Knapp Br2,Cavendish,wc,35,KNAPP BROOK #2,226,KNAPP BROOK #2,KNAPP BROOK #2,Knapp Brook #2,Cavendish,East Central,35,1869,1290,20,9,ARTIFICIAL,Knapp Brook #2 Pond Cavendish,Reservoir,43.45,-72.57,,
Lamoille,Morristown,nc,148,LAMOILLE,65,LAMOILLE,LAMOILLE,Lake Lamoille,Morristown,North Central,148,170146,540,15,5,ARTIFICIAL,Lake Lamoille Morristown,Reservoir,44.57,-72.62,,
Levi,Groton,nc,22,LEVI,95,LEVI,LEVI,Levi Pond,Groton,North Central,22,152,1632,23,8,NATURAL,Levi Pond Groton,Pond,44.2672827,-72.2262078,,
Lewis,Lewis,nek,68,LEWIS,19,LEWIS,LEWIS,Lewis Pond,Lewis,NE Kingdom,68,1254,1830,8,4,NATURAL,Lewis Pond Lewis,Pond,44.8833812,-71.7806495,,
Lily,Poultney,wc,22,LILY (POULTY),220,LILY (POULTY),LILY (POULTY),Lily Pond,Poultney,West Central,22,1288,484,7,4,NATURAL,Lily Pond Poultney,Pond,43.4950694,-73.2073303,,
Little (Franklin),Franklin,cha-n,95,LITTLE (FRANLN),2,LITTLE (FRANLN),LITTLE (FRANLN),Little Pond,Franklin,Champlain ,95,591,673,8,,NATURAL,Little Pond Franklin,Pond,44.9569897,-72.8284682,,
Little (Wells),Wells,wc,177,LITTLE (WELLS),222,LITTLE (WELLS),LITTLE (WELLS),Little Pond,Wells,West Central,162,8989,484,5,4,NATURAL with ARTIFICIAL CONTROL,Little Pond Wells,Lake (Artificial Control),43.4322933,-73.2028855,,
Little Averill,Averill,nek,467,LITTLE AVERILL,8,LITTLE AVERILL,LITTLE AVERILL,Little Averill Pond,Averill,NE Kingdom,467,2854,1740,115,52,NATURAL with ARTIFICIAL CONTROL,Little Averill Pond Averill,Lake (Artificial Control),44.9556024,-71.7162039,,
Little Elmore,Elmore,nc,24,LITTLE ELMORE,70,LITTLE ELMORE,LITTLE ELMORE,Little Elmore Pond,Elmore,North Central,24,316,1223,15,,NATURAL,Little Elmore Pond Elmore,Pond,44.4978315,-72.5317787,,
Little Hosmer,Craftsbury,nc,180,LITTLE HOSMER,50,LITTLE HOSMER,LITTLE HOSMER,Little Hosmer Pond,Craftsbury,North Central,180,1792,1066,9,4,NATURAL with ARTIFICIAL CONTROL,Little Hosmer Pond Craftsbury,Lake (Artificial Control),44.68,-72.38,,
Little Rock,Wallingford,wc,18,LITTLE ROCK,150,LITTLE ROCK,LITTLE ROCK,Little Rock Pond,Wallingford,West Central,18,196,1854,,,NATURAL,Little Rock Pond Wallingford,Pond,43.4006275,-72.9562145,,
Long (Eden),Eden,nc,97,LONG (EDEN),197,LONG (EDEN),LONG (EDEN),Long Pond (Belvidere Pond),Eden,North Central,97,723,1137,6,3,NATURAL,Long Pond Eden,Pond,44.77,-72.6,,
Long (Greensboro),Greensboro,nc,100,LONG (GRNSBO),55,LONG (GRNSBO),LONG (GRNSBO),Long Pond,Greensboro,North Central,100,1910,1590,33,15,NATURAL,Long Pond Greensboro,Pond,44.6256073,-72.263437,,
Long (Sheffield),Sheffield,nc,38,LONG (SHEFLD),52,LONG (SHEFLD),LONG (SHEFLD),Long Pond,Sheffield,North Central,38,204,1682,30,,NATURAL,Long Pond Sheffield,Pond,44.6767178,-72.1437116,,
Long (Westmore),Westmore,nek,90,LONG (WESTMR),34,LONG (WESTMR),LONG (WESTMR),Long Pond,Westmore,NE Kingdom,90,732,1835,74,29,NATURAL,Long Pond Westmore,Pond,44.7506056,-72.0178751,,
Lowell,Londonderry,gm-s,57,LOWELL,162,LOWELL,LOWELL,Lowell Lake,Londonderry,Green Mtn South,109,1313,1330,22,,NATURAL with ARTIFICIAL CONTROL,Lowell Lake Londonderry,Lake (Artificial Control),43.22,-72.77,,
Lower (Hinesburg),Hinesburg,cha-n,57,LOWER,205,LOWER,LOWER,Lower Pond (Lake Sunset),Hinesburg,Champlain ,58,3461,661,10,5,ARTIFICIAL,Lower Pond Hinesburg,Reservoir,44.35,-73.08,,
Lower Symes,Ryegate,nc,77,LOWER SYMES,213,LOWER SYMES,LOWER SYMES,Lower Symes Pond,Ryegate,North Central,57,2636,810,9,,NATURAL,Lower Symes Pond Ryegate,Pond,44.25,-72.1,,
Lyford,Walden,nc,33,LYFORD,72,LYFORD,LYFORD,Lyford Pond,Walden,North Central,33,299,1683,22,8,NATURAL,Lyford Pond Walden,Pond,44.4456114,-72.2467681,,
Maidstone,Maidstone,nek,745,MAIDSTONE,198,MAIDSTONE,MAIDSTONE,Maidstone Lake,Maidstone,NE Kingdom,745,3103,1303,121,46,NATURAL with ARTIFICIAL CONTROL,Maidstone Lake Maidstone,Lake (Artificial Control),44.6486637,-71.6470329,,
Mansfield,Stowe,nc,38,MANSFIELD,69,MANSFIELD,MANSFIELD,Lake Mansfield,Stowe,North Central,38,1557,1140,18,11,ARTIFICIAL,Lake Mansfield Stowe,Reservoir,44.47,-72.82,,
Marl,Sutton,nek,10,MARL,46,MARL,MARL,Marl Pond,Sutton,NE Kingdom,10,256,1570,,,,Marl Pond Sutton,Pond,44.7003288,-72.0600983,,
Martin's,Peacham,nc,82,MARTINS,85,MARTINS,MARTINS,Martins Pond,Peacham,North Central,82,803,1548,17,11,NATURAL with ARTIFICIAL CONTROL,Martins Pond Peacham,Lake (Artificial Control),44.3,-72.22,,
May,Barton,nek,116,MAY,45,MAY,MAY,May Pond,Barton,NE Kingdom,116,1087,1647,31,9,NATURAL with ARTIFICIAL CONTROL,May Pond Barton,Lake (Artificial Control),44.7417164,-72.1228779,,
McConnell,Brighton,nek,87,MCCONNELL,29,MCCONNELL,MCCONNELL,McConnell Pond,Brighton,NE Kingdom,87,3621,1274,18,,NATURAL,McConnell Pond Brighton,Pond,44.8189378,-71.8039827,,
Memphremagog,Derby,nek,5966,MEMPHREMAGOG,230,MEMPHREMAGOG,MEMPHREMAGOG,Lake Memphremagog,Newport Town,NE Kingdom,5966,416320,682,351,21,NATURAL with ARTIFICIAL CONTROL,Lake Memphremagog Newport Town,Lake (Artificial Control),44.9853239,-72.2151023,,
Metcalf,Fletcher,cha-n,81,METCALF,44,METCALF,METCALF,Metcalf Pond,Fletcher,Champlain ,81,801,729,25,7,NATURAL,Metcalf Pond Fletcher,Pond,44.7283824,-72.8840236,,
Miles,Concord,nek,215,MILES,76,MILES,MILES,Miles Pond,Concord,NE Kingdom,215,4158,1026,55,20,NATURAL with ARTIFICIAL CONTROL,Miles Pond Concord,Lake (Artificial Control),44.45,-71.82,,
Mill,Windsor,ec,77,MILL (WINDSR),149,MILL (WINDSR),MILL (WINDSR),Mill Pond (Kennedys Pond),Windsor,East Central,77,28071,383,26,,ARTIFICIAL,Mill Pond Windsor,Reservoir,43.4711828,-72.3967575,,
Miller,Strafford,ec,64,MILLER (STRFRD),129,MILLER (STRFRD),MILLER (STRFRD),Miller Pond,Strafford,East Central,64,664,1323,32,8,NATURAL with ARTIFICIAL CONTROL,Miller Pond Arlington,Pond,43.9,-72.3,,
Minards,Rockingham,ec,46,MINARDS,235,MINARDS,MINARDS,Minards Pond,Rockingham,Green Mtn South,46,202,613,46,,NATURAL with ARTIFICIAL CONTROL,Minards Pond Rockingham,Lake (Artificial Control),43.15,-72.47,,
No. 10 (Mirror),Calais,nc,85,MIRROR,81,MIRROR,MIRROR,Mirror Lake (No. 10 Pond),Calais,North Central,85,3349,1047,106,43,NATURAL with ARTIFICIAL CONTROL,Lake Mirror Calais,Lake (Artificial Control),44.4,-72.45,,
Mitchell,Sharon,ec,28,MITCHELL,135,MITCHELL,MITCHELL,Lake Mitchell,Sharon,East Central,28,4652,900,16,,ARTIFICIAL,Lake Mitchell Sharon,Reservoir,43.75,-72.4,,
Mollys,Cabot,nc,38,MOLLYS,202,MOLLYS,MOLLYS,Mollys Pond,Cabot,North Central,38,1320,1631,28,,NATURAL,Mollys Pond Cabot,Pond,44.3939461,-72.2359332,,
Mollys Falls,Marshfield,nc,397,MOLLYS FALLS,90,MOLLYS FALLS,MOLLYS FALLS,Mollys Falls Reservoir,Cabot,North Central,397,14600,1230,35,18,ARTIFICIAL,Mollys Falls Reservoir Cabot,Reservoir,44.35,-72.28,,
Moore,Waterford,nek,1235,MOORE,80,MOORE,MOORE,Moore Reservoir,Waterford,NE Kingdom,1235,293580,800,,,ARTIFICIAL,Moore Reservoir Waterford,Reservoir,44.33,-71.87,,
Morey,Fairlee,ec,547,MOREY,123,MOREY,MOREY,Lake Morey,Fairlee,East Central,547,5101,416,43,24,NATURAL with ARTIFICIAL CONTROL,Lake Morey Fairlee,Lake (Artificial Control),43.9247901,-72.1498123,,
Moses,Weston,gm-s,12,MOSES,155,MOSES,MOSES,Moses Pond,Weston,West Central,12,105,2230,,,,Moses Pond Weston,Pond,43.33424,-72.8428774,,
Round (Holland),Holland,nek,14,MUD (HOLLND),9,MUD (HOLLND),MUD (HOLLND),Mud Pond,Holland,NE Kingdom,14,359,1510,,,,Mud Pond Holland,Pond,44.9367139,-72.0281531,,
Mud (Hyde Park),Hyde Park,nc,14,MUD (HYDEPK),64,MUD (HYDEPK),MUD (HYDEPK),Mud Pond,Hyde Park,North Central,14,177,1170,,,,Mud Pond Hyde Park,Pond,44.605885,-72.5034444,,
Mud (Leicester),Leicester,wc,35,MUD (LEICTR),242,MUD (LEICTR),MUD (LEICTR),Mud Pond,Leicester,West Central,23,290,569,10,,NATURAL,Mud Pond Leicester,Pond,43.88,-73.08,,
Mud (Morgan),Morgan,nek,35,MUD (MORGAN)-N,18,MUD (MORGAN)-N,MUD (MORGAN)-N,Mud Pond,Morgan,NE Kingdom,35,1205,1489,3,,NATURAL,Mud Pond Morgan ,Pond,44.9172696,-72.0448202,,
Mud (Peacham),Peacham,nc,34,MUD (PEACHM),85,MUD (PEACHM),MUD (PEACHM),Mud Pond,Peacham,North Central,34,318,1548,4,,NATURAL with ARTIFICIAL CONTROL,Mud Pond Peacham,Lake (Artificial Control),44.3072818,-72.2125974,,
Neal,Lunenburg,nek,186,NEAL,73,NEAL,NEAL,Neal Pond,Lunenburg,NE Kingdom,185,5720,1200,35,16,NATURAL with ARTIFICIAL CONTROL,Neal Pond Lunenburg,Lake (Artificial Control),44.4897795,-71.6920327,,
Newark,Newark,nek,153,NEWARK,43,NEWARK,NEWARK,Newark Pond,Newark,NE Kingdom,153,554,1832,31,14,NATURAL,Newark Pond Newark,Pond,44.7175509,-71.9823186,,
Nichols,Woodbury,nc,171,NICHOLS,77,NICHOLS,NICHOLS,Nichols Pond,Woodbury,North Central,171,2920,1128,109,,NATURAL with ARTIFICIAL CONTROL,Nichols Pond Woodbury,Lake (Artificial Control),44.45,-72.35,,
Ninevah,Mt. Holly,wc,171,NINEVAH,151,NINEVAH,NINEVAH,Lake Ninevah,Mount Holly,West Central,171,769,1755,12,6,NATURAL with ARTIFICIAL CONTROL,Lake Ninevah Mount Holly,Lake (Artificial Control),43.47,-72.75,,
Norford,Thetford,ec,21,NORFORD,131,NORFORD,NORFORD,Norford Lake,Thetford,East Central,21,605,985,11,,ARTIFICIAL,Norford Lake Thetford,Reservoir,43.8,-72.3,,
Hartland dam,Hartland,ec,215,NORTH HARTLAND,145,NORTH HARTLAND,NORTH HARTLAND,North Hartland Reservoir,Hartland,East Central,215,140800,425,,,ARTIFICIAL,North Hartland Reservoir Hartland,Reservoir,43.62,-72.37,,
North Montpelier,East Montpelier,nc,72,NORTH MONTPELIER,91,NORTH MONTPELIER,NORTH MONTPELIER,North Montpelier Pond,East Montpelier,North Central,72,32581,703,12,,ARTIFICIAL,North Montpelier Pond East Montpelier,Reservoir,44.32,-72.45,,
North Springfield,Springfield,ec,290,NORTH SPRINGFIELD,157,NORTH SPRINGFIELD,NORTH SPRINGFIELD,North Springfield Reservoir,Springfield,East Central,290,101120,475,,,ARTIFICIAL,North Springfield Reservoir Springfield,Reservoir,43.35,-72.5,,
Norton,Norton,nek,583,NORTON,7,NORTON,NORTON,Norton Pond,Norton,NE Kingdom,583,11142,1335,30,10,NATURAL with ARTIFICIAL CONTROL,Norton Pond Norton,Lake (Artificial Control),44.93,-71.87,,
Notch,Ferdinand,nek,22,NOTCH,35,NOTCH,NOTCH,Notch Pond,Ferdinand,NE Kingdom,22,500,1555,26,,NATURAL,Notch Pond Ferdinand,Pond,44.7406056,-71.7173137,,
Noyes,Groton,nc,39,NOYES,95,NOYES,NOYES,Noyes Pond (Seyon Pond),Groton,North Central,39,2408,1781,11,6,ARTIFICIAL,Noyes Pond Groton,Reservoir,44.23,-72.32,,
Nulhegan,Brighton,nek,37,NULHEGAN,29,NULHEGAN,NULHEGAN,Nulhegan Pond,Brighton,NE Kingdom,37,5421,1158,14,,NATURAL,Nulhegan Pond Brighton,Pond,44.791716,-71.8178717,,
Old Marsh,Fair Haven,wc,131,OLD MARSH,144,OLD MARSH,OLD MARSH,Old Marsh Pond,Fair Haven,West Central,131,1802,484,6,,NATURAL with ARTIFICIAL CONTROL,Old Marsh Pond Fair Haven,Lake (Artificial Control),43.63,-73.27,,
Osmore,Groton,nc,48,OSMORE,95,OSMORE,OSMORE,Osmore Pond,Peacham,North Central,48,778,1470,12,6,NATURAL,Osmore Pond Peacham,Pond,44.3083926,-72.2781547,,
Page,Albany,nc,16,PAGE,39,PAGE,PAGE,Page Pond,Albany,North Central,16,106,1204,,,,Page Pond Albany,Pond,44.7147718,-72.3670515,,
Paran,Bennington,gm-s,40,PARAN,183,PARAN,PARAN,Lake Paran,Bennington,Green Mtn South,40,9312,647,23,11,ARTIFICIAL,Lake Paran Bennington,Reservoir,42.9328561,-73.2337199,,
Parker,Glover,nc,250,PARKER,47,PARKER,PARKER,Lake Parker,Glover,North Central,250,5418,1299,45,25,NATURAL with ARTIFICIAL CONTROL,Lake Parker Glover,Lake (Artificial Control),44.7194941,-72.2328808,,
Peacham,Peacham,nc,340,PEACHAM,85,PEACHAM,PEACHAM,Peacham Pond,Peacham,North Central,340,3750,1401,61,20,NATURAL with ARTIFICIAL CONTROL,Peacham Pond Peacham,Lake (Artificial Control),44.33,-72.27,,
Pensioner,Charleston,nek,173,PENSIONER,24,PENSIONER,PENSIONER,Pensioner Pond,Charleston,NE Kingdom,173,66882,1141,39,15,NATURAL with ARTIFICIAL CONTROL,Pensioner Pond Charleston,Lake (Artificial Control),44.8736591,-72.0573206,,
Perch (Benson),Benson,wc,24,PERCH (BENSON),139,PERCH (BENSON),PERCH (BENSON),Perch Pond,Benson,West Central,24,110,527,44,16,NATURAL with ARTIFICIAL CONTROL,Perch Pond Benson,Lake (Artificial Control),43.7503403,-73.2798365,,
Pigeon,Groton,nc,69,PIGEON,95,PIGEON,PIGEON,Pigeon Pond,Groton,North Central,69,801,1954,21,11,NATURAL,Pigeon Pond Groton,Pond,44.245894,-72.3284329,,
Pinneo,Hartford,ec,50,PINNEO,140,PINNEO,PINNEO,Lake Pinneo,Hartford,East Central,50,150,610,11,,ARTIFICIAL,Lake Pinneo Hartford,Reservoir,43.65,-72.43,,
Pleiad,Hancock,wc,6,PLEIAD,124,PLEIAD,PLEIAD,Pleiad Lake,Hancock,West Central,6,54,2050,,,,Pleiad Lake Hancock,Lake,43.9339521,-72.9578898,,
Raponda,Wilmington,gm-s,121,RAPONDA,186,RAPONDA,RAPONDA,Lake Raponda,Wilmington,Green Mtn South,121,616,1832,12,8,NATURAL with ARTIFICIAL CONTROL,Lake Raponda Wilmington,Lake (Artificial Control),42.8750812,-72.8175965,,
Rescue,Ludlow,wc,180,RESCUE,255,RESCUE,RESCUE,Rescue Lake,Ludlow,Green Mtn South,184,22859,1044,95,24,NATURAL with ARTIFICIAL CONTROL,Rescue Lake Ludlow,Lake (Artificial Control),43.45,-72.7,,
Ricker,Groton,nc,95,RICKER,95,RICKER,RICKER,Ricker Pond,Groton,North Central,95,13622,1051,31,12,NATURAL with ARTIFICIAL CONTROL,Ricker Pond Groton,Lake (Artificial Control),44.2470054,-72.244541,,
Ritterbush,Eden,nc,14,RITTERBUSH,197,RITTERBUSH,RITTERBUSH,Ritterbush Pond,Eden,North Central,14,373,1041,,,,Ritterbush Pond Eden,Pond,44.7469932,-72.5990058,,
Rood,Williamstown,ec,23,ROOD,217,ROOD,ROOD,Rood Pond,Williamstown,East Central,23,343,1306,52,25,NATURAL with ARTIFICIAL CONTROL,Rood Pond Williamstown,Lake (Artificial Control),44.0770076,-72.5889944,,
Round (Newbury),Newbury,nc,30,ROUND (NEWBRY),214,ROUND (NEWBRY),ROUND (NEWBRY),Round Pond,Newbury,East Central,30,260,1241,23,,NATURAL,Round Pond Newbury,Pond,44.1053421,-72.1589818,,
Round (Sheffield),Sheffield,nc,13,ROUND (SHEFLD),52,ROUND (SHEFLD),ROUND (SHEFLD),Round Pond,Sheffield,North Central,13,154,1631,,,,Round Pond Sheffield,Pond,44.6775511,-72.1503784,,
Runnemede,Windsor,ec,62,RUNNEMEDE,149,RUNNEMEDE,RUNNEMEDE,Lake Runnemede (Evarts Pond),Windsor,East Central,62,133,322,13,,ARTIFICIAL,Lake Runnemede Windsor,Reservoir,43.4839605,-72.3892576,,
Sadawga,Whitingham,gm-s,194,SADAWGA,192,SADAWGA,SADAWGA,Sadawga Pond,Whitingham,Green Mtn South,194,1169,1670,10,6,NATURAL with ARTIFICIAL CONTROL,Sadawga Pond Whitingham,Lake (Artificial Control),42.78036,-72.8762088,,
Salem,Derby,nek,764,SALEM,230,SALEM,SALEM,Lake Salem,Derby,NE Kingdom,764,84133,963,70,20,NATURAL,Lake Salem Derby,Lake,44.9292138,-72.1037106,,
Searsburg,Searsburg,gm-s,25,SEARSBURG,185,SEARSBURG,SEARSBURG,Searsbury Reservoir,Searsburg,Green Mtn South,25,98,1756,,,ARTIFICIAL,Searsburg Reservoir Searsburg,Reservoir,42.92,-72.93,,
Seymour,Morgan,nek,1769,SEYMOUR,18,SEYMOUR,SEYMOUR,Seymour Lake,Morgan,NE Kingdom,1769,12920,1279,167,70,NATURAL with ARTIFICIAL CONTROL,Seymour Lake Morgan,Lake (Artificial Control),44.8969923,-71.9817632,,
Shadow (Concord),Concord,nek,128,SHADOW (CONCRD),76,SHADOW (CONCRD),SHADOW (CONCRD),Shadow Lake,Concord,NE Kingdom,128,1649,1336,55,14,NATURAL,Shadow Lake Concord,Lake,44.4003367,-71.8734249,,
Shadow (Glover),Glover,nc,210,SHADOW (GLOVER),47,SHADOW (GLOVER),SHADOW (GLOVER),Shadow Lake,Glover,North Central,210,3575,1396,139,55,NATURAL with ARTIFICIAL CONTROL,Shadow Lake Glover,Lake (Artificial Control),44.668103,-72.226571,,
Shelburne,Shelburne,cha-n,452,SHELBURNE,203,SHELBURNE,SHELBURNE,Shelburne Pond,Shelburne,Champlain ,452,4922,332,25,11,NATURAL,Shelburne Pond Shelburne,Pond,44.3867182,-73.1606809,,
Sherman Reservoir,Whitingham,gm-s,160,SHERMAN,192,SHERMAN,SHERMAN,Sherman Reservoir,Whitingham,Green Mtn South,160,143000,1102,,,ARTIFICIAL,Sherman Reservoir Whitingham,Reservoir,42.73,-72.92,,
Silver (barnard),Barnard,wc,84,SILVER (BARNRD),138,SILVER (BARNRD),SILVER (BARNRD),Silver Lake,Barnard,West Central,84,1091,1307,32,16,NATURAL with ARTIFICIAL CONTROL,Silver Lake Barnard,Lake (Artificial Control),43.7297902,-72.6106541,,
Silver (Leicester),Leicester,wc,101,SILVER (LEICTR),242,SILVER (LEICTR),SILVER (LEICTR),Silver Lake,Leicester,West Central,101,413,1250,70,29,ARTIFICIAL,Silver Lake Leicester,Reservoir,43.88,-73.05,,
Sodom,Calais,nc,21,SODOM,81,SODOM,SODOM,Sodom Pond,East Montpelier,North Central,21,1850,1058,5,,NATURAL,Sodom Pond East Montpelier,Pond,44.3256137,-72.4998296,,
Somerset,Somerset,gm-s,1568,SOMERSET,178,SOMERSET,SOMERSET,Somerset Reservoir,Somerset,Green Mtn South,1568,16313,2134,85,24,ARTIFICIAL,Somerset Reservoir Somerset,Reservoir,43.009708,-72.952621,,
South (Eden),Eden,nc,103,SOUTH (EDEN),197,SOUTH (EDEN),SOUTH (EDEN),South Pond,Eden,North Central,103,1382,1196,66,,NATURAL with ARTIFICIAL CONTROL,South Pond Eden,Lake (Artificial Control),44.68,-72.53,,
South (Marlboro),Marlboro,gm-s,68,SOUTH (MARLBR),187,SOUTH (MARLBR),SOUTH (MARLBR),South Pond,Marlboro,Green Mtn South,68,344,1650,35,15,NATURAL,South Pond Marlboro,Pond,42.8445262,-72.7128712,,
South America,Ferdinand,nek,29,SOUTH AMERICA,35,SOUTH AMERICA,SOUTH AMERICA,South America Pond,Ferdinand,NE Kingdom,29,509,1747,4,,NATURAL,South American Pond Ferdinand,Pond,44.7056067,-71.7431474,,
South Bay,Newport City,nek,470,SOUTH BAY,232,SOUTH BAY,SOUTH BAY,South Bay,Newport City,NE Kingdom,470,,682,,,,South Bay Pond Newport City,Pond,44.93,-72.2,,
Silver (Georgia/Fairfax),Fairfax,cha-n,27,SOUTH ST. ALBANS,42,SOUTH ST. ALBANS,SOUTH ST. ALBANS,"St. Albans Reservoir, South",Fairfax,Champlain ,27,1346,717,23,13,ARTIFICIAL,"St. Albans Reservoir, South Fairfax",Reservoir,44.75,-73.07,,
Spectacle,Brighton,nek,103,SPECTACLE,29,SPECTACLE,SPECTACLE,Spectacle Pond,Brighton,NE Kingdom,103,1024,1173,15,8,NATURAL,Spectacle Pond Brighton,Pond,44.8006048,-71.8503722,,
Spring,Shrewsbury,wc,66,SPRING (SHRWBY),147,SPRING (SHRWBY),SPRING (SHRWBY),Spring Lake (Shrewsbury Pond),Shrewsbury,West Central,66,275,1476,84,35,NATURAL,Spring Lake Shrewsbury,Lake,43.4959033,-72.918992,,
St. Catherine,Wells,wc,883,ST. CATHERINE,222,ST. CATHERINE,ST. CATHERINE,Lake St. Catherine,Wells,West Central,904,7447,484,68,37,NATURAL,Lake St. Catherine Wells,Lake,43.47,-73.22,,
Stannard,Stannard,nc,25,STANNARD,67,STANNARD,STANNARD,Stannard Pond,Stannard,North Central,25,125,2310,11,,NATURAL,Stannard Pond Stannard,Pond,44.5300544,-72.1653782,,
Star,Mount Holly,wc,63,STAR,151,STAR,STAR,Star Lake,Mount Holly,West Central,63,709,1851,8,5,NATURAL with ARTIFICIAL CONTROL,Star Lake Mount Holly,Lake (Artificial Control),43.419516,-72.8162108,,
Stiles,Waterford,nek,135,STILES,80,STILES,STILES,Stiles Pond,Waterford,NE Kingdom,135,3884,877,33,11,NATURAL with ARTIFICIAL CONTROL,Stiles Pond Waterford,Lake (Artificial Control),44.42,-71.93,,
Stoughton,Weathersfield,ec,56,STOUGHTON,228,STOUGHTON,STOUGHTON,Stoughton Pond,Weathersfield,East Central,56,19257,502,20,9,ARTIFICIAL,Stoughton Pond Weathersfield,Reservoir,43.3792397,-72.4998126,,
Stratton,Stratton,gm-s,46,STRATTON,173,STRATTON,STRATTON,Stratton Pond,Stratton,Green Mtn South,46,264,2555,18,,NATURAL,Stratton Pond Stratton,Pond,43.1039661,-72.9698243,,
Sugar Hill Res.,Goshen,wc,63,SUGAR HILL,240,SUGAR HILL,SUGAR HILL,Sugar Hill Reservoir,Goshen,West Central,63,1667,1768,35,22,ARTIFICIAL,Sugar Hill Reservoir Goshen,Reservoir,43.92,-73,,
Sunrise (Benson),Benson,wc,57,SUNRISE,139,SUNRISE,SUNRISE,Sunrise Lake,Benson,West Central,57,1775,496,43,26,NATURAL with ARTIFICIAL CONTROL,Sunrise Lake Benson,Lake (Artificial Control),43.77,-73.27,,
Sunset (Benson),Benson,wc,202,SUNSET (BENSON),139,SUNSET (BENSON),SUNSET (BENSON),Sunset Lake,Benson,West Central,202,1192,497,118,50,NATURAL with ARTIFICIAL CONTROL,Sunset Lake Benson,Lake (Artificial Control),43.7564513,-73.2709476,,
Sunset (Marlboro),Marlboro,gm-s,96,SUNSET (MARLBR),187,SUNSET (MARLBR),SUNSET (MARLBR),Sunset Lake,Marlboro,Green Mtn South,96,507,1370,35,,NATURAL with ARTIFICIAL CONTROL,Sunset Lake Marlboro,Lake (Artificial Control),42.92,-72.68,,
Thurman Dix,Orange,nc,123,THURMAN W. DIX,103,THURMAN W. DIX,THURMAN W. DIX,Thurman W. Dix Reservoir,Orange,North Central,123,5985,1276,24,11,NATURAL with ARTIFICIAL CONTROL,Thurman W. Dix Reservoir Orange,Lake (Artificial Control),44.18,-72.42,,
Ticklenaked,Ryegate,nc,54,TICKLENAKED,213,TICKLENAKED,TICKLENAKED,Ticklenaked Pond,Ryegate,North Central,54,1444,885,51,16,NATURAL with ARTIFICIAL CONTROL,Ticklenaked Pond Ryegate,Lake (Artificial Control),44.1892294,-72.0987041,,
Clarks (Tildys),Glover,nc,33,TILDYS,47,TILDYS,TILDYS,Tildys Pond (Clark Pond),Glover,North Central,33,1078,1233,24,13,NATURAL,Tildys Pond Glover,Pond,44.65,-72.2,,
Tiny,Plymouth,wc,29,TINY,146,TINY,TINY,Tiny Pond,Ludlow,Green Mtn South,29,616,1758,17,,NATURAL,Tiny Pond Ludlow,Pond,43.4603488,-72.724542,,
Toad,Charleston,nek,22,TOAD (CHARTN),24,TOAD (CHARTN),TOAD (CHARTN),Toad Pond,Charleston,NE Kingdom,22,2166,1146,4,,NATURAL,Toad Pond Charleston,Pond,44.8489373,-72.0475981,,
Townshend Res.,Townshend,gm-s,108,TOWNSHEND,169,TOWNSHEND,TOWNSHEND,Townshend Reservoir,Townshend,Green Mtn South,108,177920,478,,,ARTIFICIAL,Townshend Reservoir Townshend,Reservoir,43.05,-72.7,,
Turtle,Holland,nek,27,TURTLE,9,TURTLE,TURTLE,Turtle Pond,Holland,NE Kingdom,27,1228,1438,34,,NATURAL,Turtle Pond Holland,Pond,44.9933797,-71.9198182,,
Marshfield Pond (Turtlehead Pond),Marshfield,nc,69,TURTLEHEAD,90,TURTLEHEAD,TURTLEHEAD,Turtlehead Pond,Marshfield,North Central,69,3707,1279,18,7,NATURAL with ARTIFICIAL CONTROL,Turtlehead Pond Marshfield,Lake (Artificial Control),44.3258919,-72.330657,,
Wapanacki,Hardwick,nc,21,TUTTLE (HARDWK),66,TUTTLE (HARDWK),TUTTLE (HARDWK),Tuttle Pond,Hardwick,North Central,21,342,1410,6,,NATURAL,Tuttle Pond Hardwick,Pond,44.5581086,-72.310105,,
Twin,Brookfield,ec,16,TWIN,218,TWIN,TWIN,Twin Ponds,Brookfield,East Central,16,438,1208,,,,Twin Ponds Brookfield,Pond,44.0611747,-72.5795493,,
Unknown,Avery's Gore,nek,19,UNKNOWN (AVYGOR),14,UNKNOWN (AVYGOR),UNKNOWN (AVYGOR),Unknown Pond,Avery's Gore,NE Kingdom,19,296,2330,,,NATURAL,Unknown Pond Avery's Gore,Pond,44.9106032,-71.8428726,,
Upper Symes,Ryegate,nc,15,UPPER SYMES,213,UPPER SYMES,UPPER SYMES,Upper Symes Pond,Ryegate,North Central,20,2035,910,5,,NATURAL,Upper Symes Pond Ryegate,Pond,44.25,-72.12,,
Dog (Valley),Woodbury,nc,88,VALLEY,77,VALLEY,VALLEY,Valley Lake (Dog Pond),Woodbury,North Central,88,472,1207,70,24,NATURAL with ARTIFICIAL CONTROL,Valley Lake Woodbury,Lake (Artificial Control),44.447,-72.441,,
Wallace,Canaan,nek,532,WALLACE,1,WALLACE,WALLACE,Wallace Pond,Canaan,NE Kingdom,532,19382,1317,62,27,NATURAL with ARTIFICIAL CONTROL,Wallace Pond Canaan,Lake (Artificial Control),45.0119905,-71.6256445,,
Wallingford,Wallingford,wc,87,WALLINGFORD,150,WALLINGFORD,WALLINGFORD,Wallingford Pond,Wallingford,West Central,87,1470,2165,28,7,NATURAL,Wallingford Pond Wallingford,Pond,43.4145161,-72.9095466,,
Wantastiquet,Weston,gm-s,44,WANTASTIQUET,155,WANTASTIQUET,WANTASTIQUET,Wantastiquet Pond,Weston,West Central,44,1201,1770,14,,ARTIFICIAL,Wantastiquet Pond Weston,Reservoir,43.3,-72.82,,
Warden,Barnet,nc,46,WARDEN,83,WARDEN,WARDEN,Warden Pond,Barnet,North Central,46,1085,993,68,30,NATURAL,Warden Pond Barnet,Pond,44.3300597,-72.0781505,,
Waterbury - South end,Waterbury,nc,839,WATERBURY,89,WATERBURY,WATERBURY,Waterbury Reservoir,Waterbury,North Central,839,69760,592,100,,ARTIFICIAL,Waterbury Reservoir Waterbury,Reservoir,44.38,-72.77,,
West Hill,Cabot,nc,46,WEST HILL,202,WEST HILL,WEST HILL,West Hill Pond,Cabot,North Central,46,1476,1135,13,,ARTIFICIAL,West Hill Pond Cabot,Reservoir,44.4177364,-72.3429895,,
West Mountain,Maidstone,nek,60,WEST MOUNTAIN,198,WEST MOUNTAIN,WEST MOUNTAIN,West Mountain Pond,Maidstone,NE Kingdom,60,2311,1235,12,,NATURAL,West Mountain Pond Maidstone,Pond,44.6892181,-71.6620338,,
Wheeler,Brunswick,nek,66,WHEELER (BRUNWK),36,WHEELER (BRUNWK),WHEELER (BRUNWK),Wheeler Pond,Brunswick,NE Kingdom,66,4159,1028,35,13,NATURAL,Wheeler Pond Brunswick,Pond,44.708384,-71.6395333,,
Willoughby,Westmore,nek,1653,WILLOUGHBY,34,WILLOUGHBY,WILLOUGHBY,Lake Willoughby,Westmore,NE Kingdom,1687,12256,1170,308,140,NATURAL with ARTIFICIAL CONTROL,Lake Willoughby Westmore,Lake (Artificial Control),44.7519942,-72.0628763,,
Bristol (Winona),Bristol,cha-n,248,WINONA,105,WINONA,WINONA,Winona Lake (Bristol Pond),Bristol,Champlain ,248,2564,467,9,4,NATURAL with ARTIFICIAL CONTROL,Winona Lake Bristol,Lake (Artificial Control),44.1731125,-73.0870642,,
Abenaki,Thetford,ec,44,ABENAKI,131,ABENAKI,ABENAKI,Lake Abenaki,Thetford,East Central,44,645,840,11,,NATURAL with ARTIFICIAL CONTROL,Lake Abenaki Thetford,Lake (Artificial Control),43.8328472,-72.2345354,,
Adams Res.,Woodford,gm-s,21,ADAMS (WOODFD),184,ADAMS (WOODFD),ADAMS (WOODFD),Adams Reservoir,Woodford,Green Mtn South,21,821,2317,15,6,ARTIFICIAL,Adams Reservoir Woodford,Reservoir,42.886908,-73.03933,,
Amherst (Plymouth),Plymouth,wc,81,AMHERST,146,AMHERST,AMHERST,Amherst Lake,Plymouth,West Central,81,12204,1071,90,60,NATURAL with ARTIFICIAL CONTROL,Amherst Lake Plymouth,Lake (Artificial Control),43.4856261,-72.7042639,,
Arrowhead,Milton,cha-n,760,ARROWHEAD MOUNTAIN,48,ARROWHEAD MOUNTAIN,ARROWHEAD MOUNTAIN,Arrowhead Mountain Lake,Milton,Champlain ,760,442880,290,30,11,ARTIFICIAL,Arrowhead Mountain Lake Milton,Reservoir,44.67,-73.1,,
Baker (Barton),Barton,nc,51,BAKER (BARTON),45,BAKER (BARTON),BAKER (BARTON),Baker Pond,Barton,North Central,51,1439,1152,30,16,NATURAL,Baker Pond Barton,Pond,44.746438,-72.2348255,,
Wolcott,Wolcott,nc,74,WOLCOTT,59,WOLCOTT,WOLCOTT,Wolcott Pond,Wolcott,North Central,74,920,1196,23,9,NATURAL with ARTIFICIAL CONTROL,Wolcott Pond Wolcott,Lake (Artificial Control),44.56532569,-72.42045722,,
Woodbury,Woodbury,nc,142,WOODBURY,77,WOODBURY,WOODBURY,Unnamed Pond referred to by DEC as Woodbury,Woodbury,North Central,,,1155,,,,Woodbury Pond Woodbury,Pond,44.43,-72.42,,
Woodward,Plymouth,wc,106,WOODWARD,146,WOODWARD,WOODWARD,Woodward Reservoir,Plymouth,West Central,106,1878,1343,48,22,NATURAL with ARTIFICIAL CONTROL,Woodward Reservoir Plymouth,Lake (Artificial Control),43.56577923,-72.75853066,,
Wrightsville,East Montpelier,nc,190,WRIGHTSVILLE,78,WRIGHTSVILLE,WRIGHTSVILLE,Wrightsville Reservoir,East Montpelier,North Central,190,44008,620,19,,ARTIFICIAL,Wrightsville Reservoir East Montpelier,Reservoir,44.32345335,-72.57340942,,
Zack Woods,Hyde Park,nc,23,ZACK WOODS,64,ZACK WOODS,ZACK WOODS,Zack Woods Pond,Hyde Park,North Central,23,36,1179,55,,NATURAL,Zack Woods Pond Hyde Park,Pond,44.6106072,-72.5012221,,
Little Salem,Derby,nek,50,LITTLE SALEM,230,LITTLE SALEM,LITTLE SALEM,Lake Salem,Derby,NE Kingdom,50,84133,963,70,20,NATURAL,Lake Salem Derby,Lake,44.915,-72.091,,
Happenstance Farm,Goshen,wc,15,HAPPENSTANCE,240,HAPPENSTANCE,HAPPENSTANCE,,Goshen,West Central,12,,1640,,,,Happenstance Farm Pond,Pond,44.8899,-73.0091,,
Adamant,Calais,nc,20,ADAMANT,81,ADAMANT,ADAMANT,,Calais,North Central,20,,,,,,Adamant Pond,Pond,44.334050,-72.502490,,
